{
    "path": "/shaft/shaft_0/blade-row_0/blade13_0",
    "location": {
        "position": [
            -52.49260107358,
            11.981093648811,
            46.189404083807
        ],
        "orientation": [
            [
                -1.0823874154537292e-16,
                -0.22252093395597733,
                -0.9749279121819007
            ],
            [
                2.4704786433933823e-17,
                -0.9749279121819007,
                0.22252093395597733
            ],
            [
                -1.0,
                -3.8817034838164886e-29,
                1.1102230246248868e-16
            ]
        ]
    },
    "children": [
        "/shaft/shaft_0/blade-row_0/blade13_0/ae91a650-4a5b-11ef-887c-0242ac110002_0",
        "/shaft/shaft_0/blade-row_0/blade13_0/blade_0"
    ],
    "parts": []
}