{
    "path": "/shaft/shaft_0/blade-row_0/blade21_0",
    "location": {
        "position": [
            -9.890715264242e-15,
            -53.84254611821,
            46.189404083807
        ],
        "orientation": [
            [
                -2.465190328816e-32,
                1.0,
                -2.22044604925e-16
            ],
            [
                -1.110223024625e-16,
                -2.22044604925e-16,
                -1.0
            ],
            [
                -1.0,
                -1.0334576174395036e-44,
                1.110223024625e-16
            ]
        ]
    },
    "children": [
        "/shaft/shaft_0/blade-row_0/blade21_0/ae91a650-4a5b-11ef-887c-0242ac110002_0",
        "/shaft/shaft_0/blade-row_0/blade21_0/blade_0"
    ],
    "parts": []
}