{
    "path": "/shaft/shaft_0/blade-row_0/blade10_0",
    "location": {
        "position": [
            -33.57027841081,
            42.095797651456,
            46.189404083807
        ],
        "orientation": [
            [
                -6.922127336423327e-17,
                -0.7818314824678884,
                -0.6234898018589109
            ],
            [
                8.680073132125903e-17,
                -0.623489801858911,
                0.7818314824678883
            ],
            [
                -1.0,
                -2.691019766838145e-29,
                1.1102230246248412e-16
            ]
        ]
    },
    "children": [
        "/shaft/shaft_0/blade-row_0/blade10_0/ae91a650-4a5b-11ef-887c-0242ac110002_0",
        "/shaft/shaft_0/blade-row_0/blade10_0/blade_0"
    ],
    "parts": []
}