{
    "path": "/shaft/shaft_0/blade-row_0/blade14_0",
    "location": {
        "position": [
            -53.84254611821,
            6.593810176161e-15,
            46.189404083807
        ],
        "orientation": [
            [
                -1.110223024625e-16,
                -1.224646799147e-16,
                -1.0
            ],
            [
                1.359631073447e-32,
                -1.0,
                1.224646799147e-16
            ],
            [
                -1.0,
                -6.927121900793188e-45,
                1.110223024625e-16
            ]
        ]
    },
    "children": [
        "/shaft/shaft_0/blade-row_0/blade14_0/ae91a650-4a5b-11ef-887c-0242ac110002_0",
        "/shaft/shaft_0/blade-row_0/blade14_0/blade_0"
    ],
    "parts": []
}