{
    "path": "/shaft/shaft_0/blade-row_0/blade0_0",
    "location": {
        "position": [
            53.842546118213,
            0.0,
            46.189404083807
        ],
        "orientation": [
            [
                1.110223024625e-16,
                0.0,
                1.0
            ],
            [
                0.0,
                1.0,
                0.0
            ],
            [
                -1.0,
                0.0,
                1.110223024625e-16
            ]
        ]
    },
    "children": [
        "/shaft/shaft_0/blade-row_0/blade0_0/ae91a650-4a5b-11ef-887c-0242ac110002_0",
        "/shaft/shaft_0/blade-row_0/blade0_0/blade_0"
    ],
    "parts": []
}