{
    "path": "/shaft/shaft_0/blade-row_0/blade19_0",
    "location": {
        "position": [
            -23.36140523338,
            -48.51045782111,
            46.189404083807
        ],
        "orientation": [
            [
                -4.8170771717870875e-17,
                0.9009688679021676,
                -0.4338837391180807
            ],
            [
                -1.0002763816158106e-16,
                -0.4338837391180807,
                -0.9009688679021676
            ],
            [
                -1.0,
                7.33340752145731e-29,
                1.1102230246252066e-16
            ]
        ]
    },
    "children": [
        "/shaft/shaft_0/blade-row_0/blade19_0/ae91a650-4a5b-11ef-887c-0242ac110002_0",
        "/shaft/shaft_0/blade-row_0/blade19_0/blade_0"
    ],
    "parts": []
}