{
    "path": "/shaft/shaft_0/blade-row_0/blade7_0",
    "location": {
        "position": [
            3.296905088081e-15,
            53.842546118213,
            46.189404083807
        ],
        "orientation": [
            [
                1.232595164408e-32,
                -1.0,
                1.110223024625e-16
            ],
            [
                1.110223024625e-16,
                1.110223024625e-16,
                1.0
            ],
            [
                -1.0,
                -5.167288087197518e-45,
                1.110223024625e-16
            ]
        ]
    },
    "children": [
        "/shaft/shaft_0/blade-row_0/blade7_0/ae91a650-4a5b-11ef-887c-0242ac110002_0",
        "/shaft/shaft_0/blade-row_0/blade7_0/blade_0"
    ],
    "parts": []
}