{
    "path": "/shaft/shaft_0/blade-row_0/blade2_0",
    "location": {
        "position": [
            48.51045782111,
            23.36140523338,
            46.189404083807
        ],
        "orientation": [
            [
                1.0002763816158105e-16,
                -0.4338837391180807,
                0.9009688679021675
            ],
            [
                4.817077171787088e-17,
                0.9009688679021676,
                0.43388373911808065
            ],
            [
                -1.0,
                -7.33231182356128e-29,
                1.1102230246252063e-16
            ]
        ]
    },
    "children": [
        "/shaft/shaft_0/blade-row_0/blade2_0/ae91a650-4a5b-11ef-887c-0242ac110002_0",
        "/shaft/shaft_0/blade-row_0/blade2_0/blade_0"
    ],
    "parts": []
}