{
    "path": "/shaft/shaft_0/blade-row_0/blade17_0",
    "location": {
        "position": [
            -42.09579765145,
            -33.57027841081,
            46.189404083807
        ],
        "orientation": [
            [
                -8.680073132125903e-17,
                0.6234898018589109,
                -0.7818314824678885
            ],
            [
                -6.922127336423328e-17,
                -0.7818314824678883,
                -0.623489801858911
            ],
            [
                -1.0,
                -2.689270968154761e-29,
                1.1102230246248415e-16
            ]
        ]
    },
    "children": [
        "/shaft/shaft_0/blade-row_0/blade17_0/ae91a650-4a5b-11ef-887c-0242ac110002_0",
        "/shaft/shaft_0/blade-row_0/blade17_0/blade_0"
    ],
    "parts": []
}